{"cameraMode":{"drawMode":0,"name":"Shaded","section":"Shading Mode"},"sceneLighting":false,"audioPlay":false,"sceneViewState":{"showFog":true,"showMaterialUpdate":false,"showSkybox":false,"showFlares":true,"showImageEffects":true,"showParticleSystems":true},"in2DMode":false,"pivot":{"x":10.5469970703125,"y":24.549604415893556,"z":9.982399940490723},"rotation":{"x":-0.06581240147352219,"y":0.06913603097200394,"z":-0.004374693147838116,"w":-0.9955028891563416},"size":1.4444472789764405,"orthographic":false}