{"cameraMode":{"drawMode":0,"name":"Shaded","section":"Shading Mode"},"sceneLighting":true,"audioPlay":false,"sceneViewState":{"showFog":true,"showMaterialUpdate":false,"showSkybox":true,"showFlares":true,"showImageEffects":true,"showParticleSystems":true},"in2DMode":false,"pivot":{"x":88.67764282226563,"y":-6.949904441833496,"z":69.46195983886719},"rotation":{"x":0.03112216480076313,"y":0.4309205412864685,"z":-0.014872460626065731,"w":0.901731550693512},"size":58.817989349365237,"orthographic":false}