{"cameraMode":{"drawMode":0,"name":"Shaded","section":"Shading Mode"},"sceneLighting":false,"audioPlay":false,"sceneViewState":{"showFog":true,"showMaterialUpdate":false,"showSkybox":false,"showFlares":true,"showImageEffects":true,"showParticleSystems":true},"in2DMode":false,"pivot":{"x":10.792770385742188,"y":22.011096954345704,"z":9.387160301208496},"rotation":{"x":-0.03896772116422653,"y":0.039287932217121127,"z":-0.0014096122467890382,"w":-0.9985294938087463},"size":0.437321275472641,"orthographic":false}