{"cameraMode":{"drawMode":0,"name":"Shaded","section":"Shading Mode"},"sceneLighting":true,"audioPlay":false,"sceneViewState":{"showFog":false,"showMaterialUpdate":false,"showSkybox":false,"showFlares":false,"showImageEffects":false,"showParticleSystems":false},"in2DMode":false,"pivot":{"x":1.1086963415145875,"y":40.273651123046878,"z":-2.9014806747436525},"rotation":{"x":0.006900764536112547,"y":-0.9873069524765015,"z":0.15224768221378327,"w":0.044752079993486407},"size":4.018396377563477,"orthographic":false}