{"cameraMode":{"drawMode":0,"name":"Shaded","section":"Shading Mode"},"sceneLighting":true,"audioPlay":false,"sceneViewState":{"showFog":false,"showMaterialUpdate":false,"showSkybox":false,"showFlares":false,"showImageEffects":false,"showParticleSystems":false},"in2DMode":false,"pivot":{"x":8.062135696411133,"y":17.503128051757814,"z":-26.288986206054689},"rotation":{"x":0.08538541197776795,"y":0.01762479357421398,"z":-0.0014894928317517043,"w":0.9962136149406433},"size":6.1183977127075199,"orthographic":false}