{"cameraMode":{"drawMode":0,"name":"Shaded","section":"Shading Mode"},"sceneLighting":true,"audioPlay":false,"sceneViewState":{"showFog":false,"showMaterialUpdate":false,"showSkybox":false,"showFlares":false,"showImageEffects":false,"showParticleSystems":false},"in2DMode":false,"pivot":{"x":438.7983703613281,"y":562.425537109375,"z":-997.6904296875},"rotation":{"x":0.03607906773686409,"y":-0.009726964868605137,"z":0.0004905817331746221,"w":0.999315083026886},"size":87.3401107788086,"orthographic":false}