{"cameraMode":{"drawMode":0,"name":"Shaded","section":"Shading Mode"},"sceneLighting":true,"audioPlay":false,"sceneViewState":{"showFog":false,"showMaterialUpdate":false,"showSkybox":false,"showFlares":false,"showImageEffects":false,"showParticleSystems":false},"in2DMode":false,"pivot":{"x":299.00927734375,"y":-221.05355834960938,"z":2260.695556640625},"rotation":{"x":0.1048625260591507,"y":-0.024584846571087838,"z":0.0027325479313731195,"w":0.9941959977149963},"size":1719.17431640625,"orthographic":false}