{"cameraMode":{"drawMode":0,"name":"Shaded","section":"Shading Mode"},"sceneLighting":true,"audioPlay":false,"sceneViewState":{"showFog":false,"showMaterialUpdate":false,"showSkybox":false,"showFlares":false,"showImageEffects":false,"showParticleSystems":false},"in2DMode":false,"pivot":{"x":622.2196655273438,"y":91.67431640625,"z":40.242919921875},"rotation":{"x":0.09445025771856308,"y":0.003758070059120655,"z":-0.0002174008550355211,"w":0.9955419301986694},"size":985.9210205078125,"orthographic":false}