{"cameraMode":{"drawMode":0,"name":"Shaded","section":"Shading Mode"},"sceneLighting":false,"audioPlay":false,"sceneViewState":{"showFog":false,"showMaterialUpdate":false,"showSkybox":false,"showFlares":false,"showImageEffects":false,"showParticleSystems":false},"in2DMode":false,"pivot":{"x":-5.679582118988037,"y":41.54228591918945,"z":-0.9638679027557373},"rotation":{"x":0.0021556715946644546,"y":-0.9899972081184387,"z":0.14052242040634156,"w":0.015125916339457035},"size":1.965681791305542,"orthographic":false}