{"cameraMode":{"drawMode":0,"name":"Shaded","section":"Shading Mode"},"sceneLighting":true,"audioPlay":false,"sceneViewState":{"showFog":false,"showMaterialUpdate":false,"showSkybox":false,"showFlares":false,"showImageEffects":false,"showParticleSystems":false},"in2DMode":false,"pivot":{"x":771.7929077148438,"y":532.2457275390625,"z":2344.942626953125},"rotation":{"x":0.012087089940905571,"y":0.033755380660295489,"z":-0.0002731620043050498,"w":0.9993753433227539},"size":2041.852783203125,"orthographic":false}