{"cameraMode":{"drawMode":0,"name":"Shaded","section":"Shading Mode"},"sceneLighting":true,"audioPlay":false,"sceneViewState":{"showFog":false,"showMaterialUpdate":false,"showSkybox":false,"showFlares":false,"showImageEffects":false,"showParticleSystems":false},"in2DMode":false,"pivot":{"x":-1.0034058094024659,"y":-2.1829779148101808,"z":23.82244300842285},"rotation":{"x":0.153970867395401,"y":-0.00663703354075551,"z":0.0011692758416756988,"w":0.9880555868148804},"size":27.052566528320314,"orthographic":false}