{"cameraMode":{"drawMode":0,"name":"Shaded","section":"Shading Mode"},"sceneLighting":true,"audioPlay":false,"sceneViewState":{"showFog":false,"showMaterialUpdate":false,"showSkybox":false,"showFlares":false,"showImageEffects":false,"showParticleSystems":false},"in2DMode":false,"pivot":{"x":-0.350372850894928,"y":-2.9951069355010988,"z":-6.194034099578857},"rotation":{"x":-0.04794693365693092,"y":0.03804896026849747,"z":0.0018276061164215208,"w":0.9981272220611572},"size":19.2932071685791,"orthographic":true}