{"cameraMode":{"drawMode":0,"name":"Shaded","section":"Shading Mode"},"sceneLighting":true,"audioPlay":false,"sceneViewState":{"showFog":false,"showMaterialUpdate":false,"showSkybox":false,"showFlares":false,"showImageEffects":false,"showParticleSystems":false},"in2DMode":false,"pivot":{"x":465.4273986816406,"y":568.1809692382813,"z":-998.8905639648438},"rotation":{"x":0.01955414190888405,"y":0.06670290976762772,"z":-0.0011677719885483385,"w":0.9975941181182861},"size":87.3401107788086,"orthographic":false}