{"cameraMode":{"drawMode":0,"name":"Shaded","section":"Shading Mode"},"sceneLighting":false,"audioPlay":false,"sceneViewState":{"showFog":false,"showMaterialUpdate":false,"showSkybox":false,"showFlares":false,"showImageEffects":false,"showParticleSystems":false},"in2DMode":false,"pivot":{"x":-766.6143798828125,"y":-1.556896448135376,"z":-0.022935044020414354},"rotation":{"x":0.050977542996406558,"y":-0.0038930303417146208,"z":0.00019891544070560485,"w":0.9986936450004578},"size":1.4691689014434815,"orthographic":false}