{"cameraMode":{"drawMode":0,"name":"Shaded","section":"Shading Mode"},"sceneLighting":false,"audioPlay":false,"sceneViewState":{"showFog":false,"showMaterialUpdate":false,"showSkybox":false,"showFlares":false,"showImageEffects":false,"showParticleSystems":false},"in2DMode":false,"pivot":{"x":-766.5484008789063,"y":-0.6466963291168213,"z":-0.04560021311044693},"rotation":{"x":0.07044167816638947,"y":-0.0008957624086178839,"z":0.0000633222225587815,"w":0.997516930103302},"size":1.639993667602539,"orthographic":false}