{"cameraMode":{"drawMode":0,"name":"Shaded","section":"Shading Mode"},"sceneLighting":false,"audioPlay":false,"sceneViewState":{"showFog":false,"showMaterialUpdate":false,"showSkybox":false,"showFlares":false,"showImageEffects":false,"showParticleSystems":false},"in2DMode":false,"pivot":{"x":2.2077713012695314,"y":27.948928833007814,"z":-40.32197570800781},"rotation":{"x":-0.09146412461996079,"y":0.0016285241581499577,"z":-0.0002763610682450235,"w":-0.9958475828170776},"size":48.931175231933597,"orthographic":false}