{"cameraMode":{"drawMode":0,"name":"Shaded","section":"Shading Mode"},"sceneLighting":true,"audioPlay":false,"sceneViewState":{"showFog":false,"showMaterialUpdate":false,"showSkybox":false,"showFlares":false,"showImageEffects":false,"showParticleSystems":false},"in2DMode":false,"pivot":{"x":387.5827941894531,"y":558.248046875,"z":-1006.8067016601563},"rotation":{"x":0.047437477856874469,"y":-0.158871591091156,"z":0.007783523760735989,"w":0.9861424565315247},"size":87.3401107788086,"orthographic":false}