{"cameraMode":{"drawMode":0,"name":"Shaded","section":"Shading Mode"},"sceneLighting":true,"audioPlay":false,"sceneViewState":{"showFog":false,"showMaterialUpdate":false,"showSkybox":false,"showFlares":false,"showImageEffects":false,"showParticleSystems":false},"in2DMode":false,"pivot":{"x":368.00048828125,"y":422.0633239746094,"z":2348.076416015625},"rotation":{"x":0.02558187022805214,"y":-0.01572902500629425,"z":0.0005375990876927972,"w":0.9995672106742859},"size":2041.852783203125,"orthographic":false}