{"cameraMode":{"drawMode":0,"name":"Shaded","section":"Shading Mode"},"sceneLighting":false,"audioPlay":false,"sceneViewState":{"showFog":false,"showMaterialUpdate":false,"showSkybox":false,"showFlares":false,"showImageEffects":false,"showParticleSystems":false},"in2DMode":false,"pivot":{"x":-765.5257568359375,"y":-1.771846055984497,"z":2.175382614135742},"rotation":{"x":-0.0026865717954933645,"y":0.9973047375679016,"z":0.0539068765938282,"w":0.04970325902104378},"size":2.117818593978882,"orthographic":true}